7683,27273,228351,dresses
7683,27273,67065,dresses
7683,27273,390219,dresses
7683,27273,132142,dresses
7683,27273,323694,dresses
9251,36288,27830,dresses
9251,36288,193883,dresses
9251,36288,285974,dresses
9251,36288,71714,dresses
9251,36284,152911,dresses
9251,36284,276566,dresses
9251,36284,212950,dresses
9251,36284,67043,dresses
9251,36284,287480,dresses
9251,36285,382888,dresses
9251,36285,76966,dresses
9251,36285,402986,dresses
9251,36285,119173,dresses
9251,36285,317813,dresses
9251,36286,354600,dresses
9251,36286,86002,dresses
9251,36286,56524,dresses
9251,36286,284608,dresses
9251,36286,297838,dresses
9251,36287,355080,dresses
9251,36287,312708,dresses
9251,36287,142791,dresses
9251,36287,343018,dresses
9251,36287,50231,dresses
